2025-03-23 01:41:14,BUY,1.0000,84179.00,15821.00,1.0000
2025-03-23 01:41:25,BUY,0.1000,84179.00,7403.10,1.1000
2025-03-23 01:41:28,BUY,0.0100,84179.00,6561.31,1.1100
2025-03-23 01:41:35,SELL,1.0000,84179.00,90740.31,0.1100
2025-03-23 01:41:37,SELL,0.1000,42000.00,94940.31,0.0100
2025-03-23 01:41:43,SELL,0.0001,42000.00,94944.51,0.0099
2025-03-23 01:51:11,BUY,0.3000,84191.00,74742.70,0.3000
2025-03-23 01:51:13,SELL,0.1000,84191.00,83161.80,0.2000
2025-03-23 01:52:19,BUY,0.3000,84228.00,74731.60,0.3000
2025-03-23 01:52:21,SELL,0.1000,84228.00,83154.40,0.2000
2025-03-23 02:14:09,BUY,0.1000,84196.00,91580.40,0.1000
2025-03-23 02:14:15,SELL,0.0100,84196.00,92422.36,0.0900
2025-03-23 02:14:43,BUY,0.1000,84196.00,91580.40,0.1000
2025-03-23 02:14:45,SELL,0.0200,84196.00,93264.32,0.0800
2025-03-23 02:15:03,BUY,0.1000,42000.00,89064.32,0.1800
2025-03-23 02:15:05,BUY,0.1000,42000.00,84864.32,0.2800
2025-03-23 02:15:06,BUY,0.1000,42000.00,80664.32,0.3800
2025-03-23 02:15:06,BUY,0.1000,42000.00,76464.32,0.4800
2025-03-23 02:15:07,BUY,0.1000,42000.00,72264.32,0.5800
2025-03-23 02:15:07,BUY,0.1000,42000.00,68064.32,0.6800
2025-03-23 02:15:08,BUY,0.1000,42000.00,63864.32,0.7800
2025-03-23 02:15:09,BUY,0.1000,42000.00,59664.32,0.8800
2025-03-23 02:15:09,BUY,0.1000,42000.00,55464.32,0.9800
2025-03-23 02:15:10,BUY,0.1000,42000.00,51264.32,1.0800
2025-03-23 02:15:11,BUY,0.1000,42000.00,47064.32,1.1800
2025-03-23 02:15:11,BUY,0.1000,42000.00,42864.32,1.2800
2025-03-23 02:15:12,BUY,0.1000,42000.00,38664.32,1.3800
2025-03-23 02:15:14,SELL,1.0000,42000.00,80664.32,0.3800
